velocity_calc,status,error,nano,time
23.33275,0.0,0.0,466768980.0714286,2022-12-15 13:02:07
23.33448055555556,0.0,0.0,509698762.0,2022-12-15 13:02:08
23.330371794871787,0.0,0.0,436201829.3076923,2022-12-15 13:02:09
23.335766666666668,0.0,0.0,466192678.0,2022-12-15 13:02:10
23.331750000000003,0.0,0.0,466135119.2142857,2022-12-15 13:02:11
23.3317,0.0,0.0,466076267.7857143,2022-12-15 13:02:12
23.335469230769228,0.0,0.0,459022186.7692308,2022-12-15 13:02:13
23.328756410256407,0.0,0.0,497495558.1538461,2022-12-15 13:02:14
23.335383333333333,0.0,0.0,466162903.7142857,2022-12-15 13:02:15
23.332477777777783,0.0,0.0,492574042.75,2022-12-15 13:02:16
23.33073333333333,0.0,0.0,466310633.7857143,2022-12-15 13:02:17
23.337083333333336,0.0,0.0,466350714.0714286,2022-12-15 13:02:18
23.328133333333334,0.0,0.0,466488175.4285714,2022-12-15 13:02:19
23.335483333333336,0.0,0.0,466545592.7142857,2022-12-15 13:02:20
23.333133333333336,0.0,0.0,466968571.7857143,2022-12-15 13:02:21
23.329366666666665,0.0,0.0,467087398.0714286,2022-12-15 13:02:22
23.338200000000004,0.0,0.0,466262750.0,2022-12-15 13:02:23
23.32806666666667,0.0,0.0,466250910.0714286,2022-12-15 13:02:24
23.334633333333336,0.0,0.0,466221435.14285713,2022-12-15 13:02:25
23.335249999999995,0.0,0.0,466275303.64285713,2022-12-15 13:02:26
23.329,0.0,0.0,466197925.64285713,2022-12-15 13:02:27
23.3381,0.0,0.0,466312754.5,2022-12-15 13:02:28
23.3313,0.0,0.0,466309710.2857143,2022-12-15 13:02:29
23.33065,0.0,0.0,466494040.9285714,2022-12-15 13:02:30
23.337433333333333,0.0,0.0,466465445.2142857,2022-12-15 13:02:31
23.32891944444445,0.0,0.0,467784356.5,2022-12-15 13:02:32
23.335583333333336,0.0,0.0,466968751.35714287,2022-12-15 13:02:33
23.3343,0.0,0.0,459940836.0714286,2022-12-15 13:02:34
23.328716666666672,0.0,0.0,459760810.5714286,2022-12-15 13:02:35
23.33828333333333,0.0,0.0,460157155.7857143,2022-12-15 13:02:36
23.329083333333333,0.0,0.0,459247501.14285713,2022-12-15 13:02:37
23.333433333333325,0.0,0.0,459244587.14285713,2022-12-15 13:02:38
23.33596666666667,0.0,0.0,459442323.14285713,2022-12-15 13:02:39
23.32671025641025,0.0,0.0,440062215.1538461,2022-12-15 13:02:40
23.3392,0.0,0.0,459209226.9285714,2022-12-15 13:02:41
23.32998333333333,0.0,0.0,459372017.35714287,2022-12-15 13:02:42
23.331416666666662,0.0,0.0,459365728.85714287,2022-12-15 13:02:43
23.336725641025645,0.0,0.0,428726391.38461536,2022-12-15 13:02:44
23.32725,0.0,0.0,459454867.0714286,2022-12-15 13:02:45
23.33766666666666,0.0,0.0,459591870.85714287,2022-12-15 13:02:46
23.332525641025647,0.0,0.0,467594326.61538464,2022-12-15 13:02:47
23.329566666666665,0.0,0.0,459933498.0,2022-12-15 13:02:48
23.338733333333334,0.0,0.0,459859351.64285713,2022-12-15 13:02:49
23.328289743589742,0.0,0.0,467225758.2307692,2022-12-15 13:02:50
23.33438333333333,0.0,0.0,459348900.7857143,2022-12-15 13:02:51
23.33564871794872,0.0,0.0,451650884.6923077,2022-12-15 13:02:52
23.3276,0.0,0.0,459388566.4285714,2022-12-15 13:02:53
23.33745,0.0,0.0,459390862.2857143,2022-12-15 13:02:54
23.33049743589743,0.0,0.0,474814049.4615384,2022-12-15 13:02:55
23.33228333333333,0.0,0.0,459364259.2857143,2022-12-15 13:02:56
23.33695,0.0,0.0,459496602.7857143,2022-12-15 13:02:57
23.3289,0.0,0.0,459561967.7142857,2022-12-15 13:02:58
23.3363,0.0,0.0,459763764.5,2022-12-15 13:02:59
23.332416666666667,0.0,0.0,459815426.85714287,2022-12-15 13:03:00
23.329683333333328,0.0,0.0,459843166.0,2022-12-15 13:03:01
23.33663333333333,0.0,0.0,459977898.4285714,2022-12-15 13:03:02
23.330443589743588,0.0,0.0,479329030.2307692,2022-12-15 13:03:03
23.33388974358974,0.0,0.0,490414915.2307692,2022-12-15 13:03:04
23.33482307692308,0.0,0.0,494142565.3076923,2022-12-15 13:03:05
23.329492307692306,0.0,0.0,467182491.0,2022-12-15 13:03:06
23.33634722222223,0.0,0.0,463509146.0833333,2022-12-15 13:03:07
23.33063333333333,0.0,0.0,459452345.0714286,2022-12-15 13:03:08
23.3330641025641,0.0,0.0,436355748.38461536,2022-12-15 13:03:09
23.33421282051282,0.0,0.0,474929099.9230769,2022-12-15 13:03:10
23.330900000000003,0.0,0.0,459612987.4285714,2022-12-15 13:03:11
23.33405,0.0,0.0,459576968.14285713,2022-12-15 13:03:12
23.33215,0.0,0.0,459753580.35714287,2022-12-15 13:03:13
23.3329,0.0,0.0,459996722.4285714,2022-12-15 13:03:14
23.33326153846154,0.0,0.0,490875078.61538464,2022-12-15 13:03:15
23.33193333333333,0.0,0.0,460138872.64285713,2022-12-15 13:03:16
23.33290256410256,0.0,0.0,452540531.0,2022-12-15 13:03:17
23.332416666666663,0.0,0.0,459514238.5,2022-12-15 13:03:18
23.332850000000004,0.0,0.0,459744589.4285714,2022-12-15 13:03:19
23.33293333333333,0.0,0.0,459621956.2857143,2022-12-15 13:03:20
23.33256666666667,0.0,0.0,459620208.85714287,2022-12-15 13:03:21
23.33445,0.0,0.0,459589971.14285713,2022-12-15 13:03:22
23.332083333333337,0.0,0.0,459621666.64285713,2022-12-15 13:03:23
23.332489743589743,0.0,0.0,451901588.38461536,2022-12-15 13:03:24
23.33433846153846,0.0,0.0,494429533.1538461,2022-12-15 13:03:25
23.331646153846155,0.0,0.0,494496002.3076923,2022-12-15 13:03:26
23.333666666666662,0.0,0.0,459735358.5,2022-12-15 13:03:27
23.33261388888889,0.0,0.0,460069859.4166667,2022-12-15 13:03:28
23.33205897435897,0.0,0.0,425476578.61538464,2022-12-15 13:03:29
23.335316666666667,0.0,0.0,460077252.2142857,2022-12-15 13:03:30
23.33033333333333,0.0,0.0,460094127.5714286,2022-12-15 13:03:31
23.33518333333333,0.0,0.0,459713935.85714287,2022-12-15 13:03:32
23.333400000000005,0.0,0.0,459591050.64285713,2022-12-15 13:03:33
23.33093333333333,0.0,0.0,459780749.14285713,2022-12-15 13:03:34
23.33543333333333,0.0,0.0,455755097.1538461,2022-12-15 13:03:35
23.329833333333333,0.0,0.0,459703843.85714287,2022-12-15 13:03:36
23.3345717948718,0.0,0.0,463622765.2307692,2022-12-15 13:03:37
23.333871794871797,0.0,0.0,478899039.2307692,2022-12-15 13:03:38
23.331333333333337,0.0,0.0,459733540.2857143,2022-12-15 13:03:39
23.33453333333333,0.0,0.0,459993512.9285714,2022-12-15 13:03:40
23.331850000000003,0.0,0.0,459904510.7142857,2022-12-15 13:03:41
23.332516666666663,0.0,0.0,456138005.3333333,2022-12-15 13:03:42
23.33516666666667,0.0,0.0,460348383.85714287,2022-12-15 13:03:43
23.33053333333333,0.0,0.0,460296275.64285713,2022-12-15 13:03:44
23.33457777777778,0.0,0.0,501836165.3333333,2022-12-15 13:03:45
23.333883333333336,0.0,0.0,459723812.2142857,2022-12-15 13:03:46
23.330407692307688,0.0,0.0,467372796.9230769,2022-12-15 13:03:47
23.335700000000003,0.0,0.0,459699696.7857143,2022-12-15 13:03:48
23.330616666666668,0.0,0.0,459719841.9285714,2022-12-15 13:03:49
23.334015384615387,0.0,0.0,425139939.4615384,2022-12-15 13:03:50
23.334216666666663,0.0,0.0,459689683.5714286,2022-12-15 13:03:51
23.3305,0.0,0.0,459859199.85714287,2022-12-15 13:03:52
23.33463333333333,0.0,0.0,459899999.0714286,2022-12-15 13:03:53
23.33223333333333,0.0,0.0,459851719.5714286,2022-12-15 13:03:54
23.332166666666662,0.0,0.0,460051846.64285713,2022-12-15 13:03:55
23.335283333333336,0.0,0.0,460219216.64285713,2022-12-15 13:03:56
23.33025,0.0,0.0,460230803.7857143,2022-12-15 13:03:57
23.334858974358976,0.0,0.0,456625118.7692308,2022-12-15 13:03:58
23.332705128205127,0.0,0.0,463631514.84615386,2022-12-15 13:03:59
23.33117948717949,0.0,0.0,455895136.5384616,2022-12-15 13:04:00
23.335350000000005,0.0,0.0,459829144.85714287,2022-12-15 13:04:01
23.33018333333333,0.0,0.0,459727541.64285713,2022-12-15 13:04:02
23.33415,0.0,0.0,459763362.7857143,2022-12-15 13:04:03
23.33338333333333,0.0,0.0,459751657.2142857,2022-12-15 13:04:04
23.330964102564103,0.0,0.0,467478023.0,2022-12-15 13:04:05
23.33578333333333,0.0,0.0,459848661.14285713,2022-12-15 13:04:06
23.33066944444444,0.0,0.0,464192444.0,2022-12-15 13:04:07
23.33383333333333,0.0,0.0,459988819.4285714,2022-12-15 13:04:08
23.33331666666667,0.0,0.0,460223452.5714286,2022-12-15 13:04:09
23.33115,0.0,0.0,460290931.0714286,2022-12-15 13:04:10
23.3342,0.0,0.0,463972071.7142857,2022-12-15 13:04:11
23.332866666666668,0.0,0.0,464261458.2857143,2022-12-15 13:04:12
23.332202564102563,0.0,0.0,467793105.38461536,2022-12-15 13:04:13
23.3352,0.0,0.0,482941575.2307692,2022-12-15 13:04:14
23.330784615384616,0.0,0.0,494615463.2307692,2022-12-15 13:04:15
23.33435,0.0,0.0,460034453.85714287,2022-12-15 13:04:16
23.333433333333343,0.0,0.0,463530576.7142857,2022-12-15 13:04:17
23.33168205128205,0.0,0.0,490643431.4615384,2022-12-15 13:04:18
23.33406923076923,0.0,0.0,483280610.6923077,2022-12-15 13:04:19
23.3321,0.0,0.0,463648491.4285714,2022-12-15 13:04:20
23.333500000000008,0.0,0.0,467303046.5714286,2022-12-15 13:04:21
23.33360256410256,0.0,0.0,436978145.0,2022-12-15 13:04:22
23.331666666666667,0.0,0.0,467431408.9285714,2022-12-15 13:04:23
23.33448205128205,0.0,0.0,433435440.1538461,2022-12-15 13:04:24
23.33233333333333,0.0,0.0,464073860.7142857,2022-12-15 13:04:25
23.33165,0.0,0.0,467437047.5,2022-12-15 13:04:26
23.334066666666672,0.0,0.0,463493821.0714286,2022-12-15 13:04:27
23.33043333333333,0.0,0.0,460052092.85714287,2022-12-15 13:04:28
23.33415,0.0,0.0,463594086.85714287,2022-12-15 13:04:29
23.33295,0.0,0.0,463677300.2857143,2022-12-15 13:04:30
23.331750000000003,0.0,0.0,460192183.85714287,2022-12-15 13:04:31
23.33473333333333,0.0,0.0,463707791.9285714,2022-12-15 13:04:32
23.3327,0.0,0.0,463730228.85714287,2022-12-15 13:04:33
23.332830769230767,0.0,0.0,483238077.5384616,2022-12-15 13:04:34
23.33503333333333,0.0,0.0,460257102.0,2022-12-15 13:04:35
23.32924102564103,0.0,0.0,429754584.3076923,2022-12-15 13:04:36
23.335146153846143,0.0,0.0,452911629.9230769,2022-12-15 13:04:37
23.331717948717944,0.0,0.0,433789911.7692308,2022-12-15 13:04:38
23.33180769230769,0.0,0.0,472474857.7692308,2022-12-15 13:04:39
23.33588333333333,0.0,0.0,463919368.14285713,2022-12-15 13:04:40
23.330138461538464,0.0,0.0,440804891.6923077,2022-12-15 13:04:41
23.33485,0.0,0.0,460161796.14285713,2022-12-15 13:04:42
23.33246666666667,0.0,0.0,460247285.2142857,2022-12-15 13:04:43
23.33151666666667,0.0,0.0,460390040.5714286,2022-12-15 13:04:44
23.335016666666665,0.0,0.0,460121866.5,2022-12-15 13:04:45
23.32998333333333,0.0,0.0,460384777.64285713,2022-12-15 13:04:46
23.335466666666665,0.0,0.0,460277233.7857143,2022-12-15 13:04:47
23.332066666666663,0.0,0.0,460467664.2142857,2022-12-15 13:04:48
23.332266666666666,0.0,0.0,460417682.85714287,2022-12-15 13:04:49
23.33486666666667,0.0,0.0,460464601.64285713,2022-12-15 13:04:50
23.330820512820512,0.0,0.0,437330208.9230769,2022-12-15 13:04:51
23.33371025641026,0.0,0.0,483831177.0,2022-12-15 13:04:52
23.3331,0.0,0.0,460969636.2142857,2022-12-15 13:04:53
23.331341025641027,0.0,0.0,429434416.0769231,2022-12-15 13:04:54
23.334599999999995,0.0,0.0,460232028.2142857,2022-12-15 13:04:55
23.3314,0.0,0.0,460285194.7857143,2022-12-15 13:04:56
23.33466153846154,0.0,0.0,494723281.38461536,2022-12-15 13:04:57
23.332884615384614,0.0,0.0,452615967.9230769,2022-12-15 13:04:58
23.33180769230769,0.0,0.0,445009908.61538464,2022-12-15 13:04:59
23.33575641025641,0.0,0.0,452573826.0,2022-12-15 13:05:00
23.3297,0.0,0.0,460493712.2857143,2022-12-15 13:05:01
23.33448205128205,0.0,0.0,479604850.3076923,2022-12-15 13:05:02
23.33415897435897,0.0,0.0,494994299.7692308,2022-12-15 13:05:03
23.32988717948718,0.0,0.0,452864364.4615384,2022-12-15 13:05:04
23.33708333333333,0.0,0.0,460701802.5714286,2022-12-15 13:05:05
23.32955,0.0,0.0,460881128.64285713,2022-12-15 13:05:06
23.33354871794872,0.0,0.0,464598518.9230769,2022-12-15 13:05:07
23.33514615384615,0.0,0.0,483288073.61538464,2022-12-15 13:05:08
23.32927692307692,0.0,0.0,483285178.9230769,2022-12-15 13:05:09
23.336400000000005,0.0,0.0,460292466.2142857,2022-12-15 13:05:10
23.331299999999995,0.0,0.0,460285656.4285714,2022-12-15 13:05:11
23.33238333333333,0.0,0.0,460224518.9285714,2022-12-15 13:05:12
23.33568333333334,0.0,0.0,460285184.7142857,2022-12-15 13:05:13
23.329316666666667,0.0,0.0,460296152.4285714,2022-12-15 13:05:14
23.335483333333325,0.0,0.0,460415915.0,2022-12-15 13:05:15
23.332489743589747,0.0,0.0,425852425.5384616,2022-12-15 13:05:16
23.33085,0.0,0.0,460581509.85714287,2022-12-15 13:05:17
23.336883333333333,0.0,0.0,460708351.7857143,2022-12-15 13:05:18
23.328766666666667,0.0,0.0,460908876.14285713,2022-12-15 13:05:19
23.33482307692308,0.0,0.0,468585557.2307692,2022-12-15 13:05:20
23.33338717948718,0.0,0.0,437713874.0,2022-12-15 13:05:21
23.329366666666665,0.0,0.0,460363949.5714286,2022-12-15 13:05:22
23.33661794871795,0.0,0.0,437165990.84615386,2022-12-15 13:05:23
23.329466666666665,0.0,0.0,460385107.0,2022-12-15 13:05:24
23.334100000000003,0.0,0.0,460338886.14285713,2022-12-15 13:05:25
23.335116666666664,0.0,0.0,460384245.7857143,2022-12-15 13:05:26
23.32895,0.0,0.0,460363431.5,2022-12-15 13:05:27
23.336911111111107,0.0,0.0,456360349.0833333,2022-12-15 13:05:28
23.331666666666667,0.0,0.0,460555624.14285713,2022-12-15 13:05:29
23.33121666666667,0.0,0.0,460544263.0714286,2022-12-15 13:05:30
23.336516666666665,0.0,0.0,460673678.5714286,2022-12-15 13:05:31
23.3296,0.0,0.0,460864610.0,2022-12-15 13:05:32
23.33396666666667,0.0,0.0,461117486.5,2022-12-15 13:05:33
23.333566666666663,0.0,0.0,460929392.0714286,2022-12-15 13:05:34
23.330150000000003,0.0,0.0,460702389.35714287,2022-12-15 13:05:35
23.33681538461538,0.0,0.0,452774560.5384616,2022-12-15 13:05:36
23.329233333333335,0.0,0.0,460488145.85714287,2022-12-15 13:05:37
23.33352777777777,0.0,0.0,460587792.25,2022-12-15 13:05:38
23.334783333333338,0.0,0.0,460529420.2857143,2022-12-15 13:05:39
23.32831666666667,0.0,0.0,477182116.5,2022-12-15 13:05:40
23.33670769230769,0.0,0.0,441311994.7692308,2022-12-15 13:05:41
23.33212777777778,0.0,0.0,439638967.5833333,2022-12-15 13:05:42
23.3316,0.0,0.0,460655494.5714286,2022-12-15 13:05:43
23.33611666666667,0.0,0.0,460707536.2142857,2022-12-15 13:05:44
23.33010256410256,0.0,0.0,480096459.0,2022-12-15 13:05:45
23.33487692307693,0.0,0.0,468770996.9230769,2022-12-15 13:05:46
23.33383333333333,0.0,0.0,461259362.0,2022-12-15 13:05:47
23.329633333333334,0.0,0.0,461050108.5,2022-12-15 13:05:48
23.3369,0.0,0.0,460468048.64285713,2022-12-15 13:05:49
23.32953333333333,0.0,0.0,460660247.0714286,2022-12-15 13:05:50
23.33375000000001,0.0,0.0,460548041.5714286,2022-12-15 13:05:51
23.33565,0.0,0.0,460662931.7142857,2022-12-15 13:05:52
23.328233333333333,0.0,0.0,460523230.64285713,2022-12-15 13:05:53
23.3377,0.0,0.0,460801923.2142857,2022-12-15 13:05:54
23.330210256410258,0.0,0.0,453035814.7692308,2022-12-15 13:05:55
23.33265,0.0,0.0,460680019.2857143,2022-12-15 13:05:56
23.33634871794872,0.0,0.0,437768795.61538464,2022-12-15 13:05:57
23.32815,0.0,0.0,460966212.35714287,2022-12-15 13:05:58
23.337116666666667,0.0,0.0,460891878.2142857,2022-12-15 13:05:59
23.33148333333333,0.0,0.0,461081620.85714287,2022-12-15 13:06:00
23.331249999999997,0.0,0.0,461321536.7857143,2022-12-15 13:06:01
23.336700000000004,0.0,0.0,461237900.5714286,2022-12-15 13:06:02
23.32893333333333,0.0,0.0,460565484.0714286,2022-12-15 13:06:03
23.33458333333333,0.0,0.0,460704339.85714287,2022-12-15 13:06:04
23.333766666666666,0.0,0.0,460643134.2857143,2022-12-15 13:06:05
23.32985,0.0,0.0,460586519.4285714,2022-12-15 13:06:06
23.336133333333336,0.0,0.0,491406195.9230769,2022-12-15 13:06:07
23.331376923076924,0.0,0.0,464588324.61538464,2022-12-15 13:06:08
23.332633333333327,0.0,0.0,476010454.5384616,2022-12-15 13:06:09
23.335074358974364,0.0,0.0,468418564.84615386,2022-12-15 13:06:10
23.3304,0.0,0.0,460867796.5714286,2022-12-15 13:06:11
23.334230769230768,0.0,0.0,483909867.2307692,2022-12-15 13:06:12
23.332,0.0,0.0,461140132.85714287,2022-12-15 13:06:13
23.33275897435898,0.0,0.0,457429391.3076923,2022-12-15 13:06:14
23.3346,0.0,0.0,461282602.4285714,2022-12-15 13:06:15
23.33175,0.0,0.0,461122994.2142857,2022-12-15 13:06:16
23.333499999999997,0.0,0.0,460680608.85714287,2022-12-15 13:06:17
23.33302820512821,0.0,0.0,441469475.1538461,2022-12-15 13:06:18
23.33177179487179,0.0,0.0,426183511.84615386,2022-12-15 13:06:19
23.334566666666667,0.0,0.0,460715213.85714287,2022-12-15 13:06:20
23.331376923076924,0.0,0.0,491485240.6923077,2022-12-15 13:06:21
23.333423076923072,0.0,0.0,456842961.0769231,2022-12-15 13:06:22
23.333433333333332,0.0,0.0,460750085.2142857,2022-12-15 13:06:23
23.330784615384616,0.0,0.0,430200488.84615386,2022-12-15 13:06:24
23.335200000000004,0.0,0.0,461010810.2142857,2022-12-15 13:06:25
23.330816666666667,0.0,0.0,461078457.7857143,2022-12-15 13:06:26
23.333483333333334,0.0,0.0,461358624.9285714,2022-12-15 13:06:27
23.33365641025641,0.0,0.0,442218358.0769231,2022-12-15 13:06:28
23.33196666666667,0.0,0.0,461460195.14285713,2022-12-15 13:06:29
23.334816666666665,0.0,0.0,461240927.64285713,2022-12-15 13:06:30
23.331883333333334,0.0,0.0,460854324.5,2022-12-15 13:06:31
23.332328205128206,0.0,0.0,476133987.4615384,2022-12-15 13:06:32
23.334566666666664,0.0,0.0,460819085.85714287,2022-12-15 13:06:33
23.3305,0.0,0.0,460840796.9285714,2022-12-15 13:06:34
23.33475,0.0,0.0,460828637.0,2022-12-15 13:06:35
23.3321,0.0,0.0,460786455.14285713,2022-12-15 13:06:36
23.332433333333324,0.0,0.0,460849534.5,2022-12-15 13:06:37
23.334841025641037,0.0,0.0,480155958.38461536,2022-12-15 13:06:38
23.33078333333333,0.0,0.0,461107919.85714287,2022-12-15 13:06:39
23.335233333333345,0.0,0.0,461131073.64285713,2022-12-15 13:06:40
23.33121666666666,0.0,0.0,461444009.0714286,2022-12-15 13:06:41
23.33291666666666,0.0,0.0,461663260.7857143,2022-12-15 13:06:42
23.333994444444446,0.0,0.0,503029504.9166667,2022-12-15 13:06:43
23.3311,0.0,0.0,460896378.0714286,2022-12-15 13:06:44
23.335233333333345,0.0,0.0,460820236.64285713,2022-12-15 13:06:45
23.33185,0.0,0.0,460854958.85714287,2022-12-15 13:06:46
23.332733333333334,0.0,0.0,460850027.2142857,2022-12-15 13:06:47
23.33425,0.0,0.0,460939477.0,2022-12-15 13:06:48
23.33021666666667,0.0,0.0,460954272.9285714,2022-12-15 13:06:49
23.33531666666667,0.0,0.0,460876352.5,2022-12-15 13:06:50
23.3324,0.0,0.0,461039160.14285713,2022-12-15 13:06:51
23.33214871794872,0.0,0.0,438031983.5384616,2022-12-15 13:06:52
23.33453333333333,0.0,0.0,461243307.5,2022-12-15 13:06:53
23.33105,0.0,0.0,461284927.9285714,2022-12-15 13:06:54
23.3331,0.0,0.0,476652126.84615386,2022-12-15 13:06:55
23.333783333333336,0.0,0.0,461526153.5714286,2022-12-15 13:06:56
23.33168333333333,0.0,0.0,461551247.2142857,2022-12-15 13:06:57
23.333683333333337,0.0,0.0,461093363.7857143,2022-12-15 13:06:58
23.333849999999995,0.0,0.0,460966381.7142857,2022-12-15 13:06:59
23.33145,0.0,0.0,460935583.7857143,2022-12-15 13:07:00
23.334769230769226,0.0,0.0,468699631.61538464,2022-12-15 13:07:01
23.3319,0.0,0.0,461028119.35714287,2022-12-15 13:07:02
23.33213333333333,0.0,0.0,460967299.2142857,2022-12-15 13:07:03
23.334933333333336,0.0,0.0,461014117.7857143,2022-12-15 13:07:04
23.3312,0.0,0.0,461131751.0714286,2022-12-15 13:07:05
23.334633333333333,0.0,0.0,461263965.2857143,2022-12-15 13:07:06
23.331533333333336,0.0,0.0,461178446.4285714,2022-12-15 13:07:07
23.333033333333333,0.0,0.0,461404543.35714287,2022-12-15 13:07:08
23.334399999999995,0.0,0.0,461592345.7142857,2022-12-15 13:07:09
23.33051666666667,0.0,0.0,461525751.64285713,2022-12-15 13:07:10
23.335,0.0,0.0,461254490.35714287,2022-12-15 13:07:11
23.331366666666668,0.0,0.0,461039033.35714287,2022-12-15 13:07:12
23.33245,0.0,0.0,460994068.5714286,2022-12-15 13:07:13
23.335016666666665,0.0,0.0,461098584.5714286,2022-12-15 13:07:14
23.330916666666667,0.0,0.0,461169880.7142857,2022-12-15 13:07:15
23.33496666666667,0.0,0.0,460995990.7142857,2022-12-15 13:07:16
23.33198717948717,0.0,0.0,495724166.4615384,2022-12-15 13:07:17
23.33218333333333,0.0,0.0,461175324.5714286,2022-12-15 13:07:18
23.334299999999995,0.0,0.0,461147154.0,2022-12-15 13:07:19
23.33083333333333,0.0,0.0,461284156.9285714,2022-12-15 13:07:20
23.33383333333333,0.0,0.0,461520669.7857143,2022-12-15 13:07:21
23.333633333333328,0.0,0.0,461594528.0,2022-12-15 13:07:22
23.33113333333333,0.0,0.0,461781068.0,2022-12-15 13:07:23
23.33530769230769,0.0,0.0,454028412.2307692,2022-12-15 13:07:24
23.330966666666665,0.0,0.0,461376739.4285714,2022-12-15 13:07:25
23.332533333333327,0.0,0.0,461133972.7142857,2022-12-15 13:07:26
23.33435,0.0,0.0,461106418.7857143,2022-12-15 13:07:27
23.32996666666667,0.0,0.0,461209977.5,2022-12-15 13:07:28
23.334858974358973,0.0,0.0,445778847.5384616,2022-12-15 13:07:29
23.332112820512823,0.0,0.0,457372483.6923077,2022-12-15 13:07:30
23.33222051282051,0.0,0.0,453610872.38461536,2022-12-15 13:07:31
23.33488333333333,0.0,0.0,461273044.64285713,2022-12-15 13:07:32
23.33128333333333,0.0,0.0,461391239.35714287,2022-12-15 13:07:33
23.33533333333333,0.0,0.0,461474724.0,2022-12-15 13:07:34
23.33166666666666,0.0,0.0,461541796.4285714,2022-12-15 13:07:35
23.3322,0.0,0.0,461771414.5,2022-12-15 13:07:36
23.333692307692317,0.0,0.0,469544086.9230769,2022-12-15 13:07:37
23.33135,0.0,0.0,474459240.4166667,2022-12-15 13:07:38
23.33435641025641,0.0,0.0,484417826.5384616,2022-12-15 13:07:39
23.3339,0.0,0.0,461297368.35714287,2022-12-15 13:07:40
23.331566666666667,0.0,0.0,461228120.2857143,2022-12-15 13:07:41
23.3344,0.0,0.0,461273951.0,2022-12-15 13:07:42
23.332333333333334,0.0,0.0,461230930.7142857,2022-12-15 13:07:43
23.33165,0.0,0.0,461327994.0,2022-12-15 13:07:44
23.335266666666666,0.0,0.0,461284356.64285713,2022-12-15 13:07:45
23.33060333333333,0.0,0.0,366475897.4,2022-12-15 13:07:46
23.333716666666668,0.0,0.0,461459303.2142857,2022-12-15 13:07:47
23.332383333333333,0.0,0.0,461589010.2142857,2022-12-15 13:07:48
23.331323076923077,0.0,0.0,477093309.6923077,2022-12-15 13:07:49
23.335516666666667,0.0,0.0,461794561.85714287,2022-12-15 13:07:50
23.331053846153846,0.0,0.0,446350647.5384616,2022-12-15 13:07:51
23.334320512820508,0.0,0.0,446340503.0769231,2022-12-15 13:07:52
23.332966666666668,0.0,0.0,461333625.2142857,2022-12-15 13:07:53
23.331233333333333,0.0,0.0,419664727.5833333,2022-12-15 13:07:54
23.33568461538461,0.0,0.0,480736706.2307692,2022-12-15 13:07:55
23.330033333333336,0.0,0.0,461325397.0714286,2022-12-15 13:07:56
23.334816666666672,0.0,0.0,461440734.9285714,2022-12-15 13:07:57
23.332847222222217,0.0,0.0,473816296.9166667,2022-12-15 13:07:58
23.33089230769231,0.0,0.0,445973488.84615386,2022-12-15 13:07:59
23.336549999999995,0.0,0.0,461490202.85714287,2022-12-15 13:08:00
23.32945,0.0,0.0,461628825.14285713,2022-12-15 13:08:01
23.33442222222223,0.0,0.0,445027834.0833333,2022-12-15 13:08:02
23.333966666666665,0.0,0.0,461822844.5714286,2022-12-15 13:08:03
23.32995,0.0,0.0,461868407.4285714,2022-12-15 13:08:04
23.33635,0.0,0.0,462010497.7857143,2022-12-15 13:08:05
23.33043333333333,0.0,0.0,461857310.5714286,2022-12-15 13:08:06
23.3333,0.0,0.0,461472499.4285714,2022-12-15 13:08:07
23.33515,0.0,0.0,461509470.64285713,2022-12-15 13:08:08
23.329716666666663,0.0,0.0,432447286.8333333,2022-12-15 13:08:09
23.335935897435892,0.0,0.0,427016336.0769231,2022-12-15 13:08:10
23.33265,0.0,0.0,461587648.4285714,2022-12-15 13:08:11
23.33043333333333,0.0,0.0,461544606.0,2022-12-15 13:08:12
23.3364,0.0,0.0,461679967.9285714,2022-12-15 13:08:13
23.32936666666667,0.0,0.0,445295066.0833333,2022-12-15 13:08:14
23.33423076923077,0.0,0.0,480934369.1538461,2022-12-15 13:08:15
23.334338461538454,0.0,0.0,438773578.2307692,2022-12-15 13:08:16
23.32818333333333,0.0,0.0,461990822.14285713,2022-12-15 13:08:17
23.337138461538466,0.0,0.0,446490755.3076923,2022-12-15 13:08:18
23.330050000000004,0.0,0.0,462326731.0,2022-12-15 13:08:19
23.333586111111103,0.0,0.0,449304220.9166667,2022-12-15 13:08:20
23.33558333333333,0.0,0.0,461592484.4285714,2022-12-15 13:08:21
23.328816666666672,0.0,0.0,461558002.7857143,2022-12-15 13:08:22
23.3366,0.0,0.0,461584116.2857143,2022-12-15 13:08:23
23.331183333333332,0.0,0.0,461560041.2857143,2022-12-15 13:08:24
23.332149999999995,0.0,0.0,461635978.0714286,2022-12-15 13:08:25
23.33523333333333,0.0,0.0,461789633.4285714,2022-12-15 13:08:26
23.330566666666662,0.0,0.0,461802106.9285714,2022-12-15 13:08:27
23.334233333333337,0.0,0.0,461729571.35714287,2022-12-15 13:08:28
23.3335,0.0,0.0,461861129.7857143,2022-12-15 13:08:29
23.33055,0.0,0.0,462049756.64285713,2022-12-15 13:08:30
23.33625,0.0,0.0,462179602.64285713,2022-12-15 13:08:31
23.330479487179485,0.0,0.0,458270032.4615384,2022-12-15 13:08:32
23.334066666666672,0.0,0.0,462388482.5,2022-12-15 13:08:33
23.33432051282051,0.0,0.0,492523309.4615384,2022-12-15 13:08:34
23.329564102564103,0.0,0.0,476997528.7692308,2022-12-15 13:08:35
23.33629487179487,0.0,0.0,492423917.6923077,2022-12-15 13:08:36
23.330383333333334,0.0,0.0,461755592.35714287,2022-12-15 13:08:37
23.333416666666665,0.0,0.0,461887411.5,2022-12-15 13:08:38
23.335846153846152,0.0,0.0,457904462.84615386,2022-12-15 13:08:39
23.32905,0.0,0.0,461815212.14285713,2022-12-15 13:08:40
23.33557692307693,0.0,0.0,454178929.3076923,2022-12-15 13:08:41
23.332328205128206,0.0,0.0,492692996.9230769,2022-12-15 13:08:42
23.33078787878788,0.0,0.0,525623462.6363636,2022-12-15 13:08:43
23.33653333333333,0.0,0.0,462003218.35714287,2022-12-15 13:08:44
23.3296,0.0,0.0,462053484.85714287,2022-12-15 13:08:45
23.335000000000004,0.0,0.0,462402172.5714286,2022-12-15 13:08:46
23.332847222222217,0.0,0.0,462466541.3333333,2022-12-15 13:08:47
23.32997692307692,0.0,0.0,454272095.9230769,2022-12-15 13:08:48
23.33588333333333,0.0,0.0,461786471.0714286,2022-12-15 13:08:49
23.330483333333337,0.0,0.0,461749193.85714287,2022-12-15 13:08:50
23.33355,0.0,0.0,461869525.5,2022-12-15 13:08:51
23.33546666666667,0.0,0.0,461867755.2142857,2022-12-15 13:08:52
23.329266666666665,0.0,0.0,461790259.4285714,2022-12-15 13:08:53
23.33608333333333,0.0,0.0,461949198.5,2022-12-15 13:08:54
23.331733333333336,0.0,0.0,461914592.0,2022-12-15 13:08:55
23.3315,0.0,0.0,461955173.64285713,2022-12-15 13:08:56
23.33641666666667,0.0,0.0,462273757.2857143,2022-12-15 13:08:57
23.3298,0.0,0.0,462402873.0,2022-12-15 13:08:58
23.335116666666664,0.0,0.0,462242435.0714286,2022-12-15 13:08:59
23.33308333333333,0.0,0.0,462485837.35714287,2022-12-15 13:09:00
23.331950000000003,0.0,0.0,462296745.85714287,2022-12-15 13:09:01
23.3353,0.0,0.0,461816580.5714286,2022-12-15 13:09:02
23.330416666666668,0.0,0.0,461803232.5714286,2022-12-15 13:09:03
23.33398333333333,0.0,0.0,461883691.64285713,2022-12-15 13:09:04
23.33353333333333,0.0,0.0,461818369.0714286,2022-12-15 13:09:05
23.33111666666667,0.0,0.0,461889606.64285713,2022-12-15 13:09:06
23.335316666666664,0.0,0.0,461865022.9285714,2022-12-15 13:09:07
23.33083333333333,0.0,0.0,461936470.14285713,2022-12-15 13:09:08
23.33318333333333,0.0,0.0,462051170.5,2022-12-15 13:09:09
23.33225641025641,0.0,0.0,496775406.2307692,2022-12-15 13:09:10
23.33139487179488,0.0,0.0,454511385.9230769,2022-12-15 13:09:11
23.335316666666667,0.0,0.0,462276980.5714286,2022-12-15 13:09:12
23.330966666666665,0.0,0.0,462376967.0714286,2022-12-15 13:09:13
23.33398333333333,0.0,0.0,462498003.5714286,2022-12-15 13:09:14
23.333766666666666,0.0,0.0,462038934.7142857,2022-12-15 13:09:15
23.332322222222217,0.0,0.0,445245235.75,2022-12-15 13:09:16
23.33398333333333,0.0,0.0,461946610.2857143,2022-12-15 13:09:17
23.33205,0.0,0.0,461969988.4285714,2022-12-15 13:09:18
23.33356666666667,0.0,0.0,469670557.0769231,2022-12-15 13:09:19
23.33293333333333,0.0,0.0,461960379.85714287,2022-12-15 13:09:20
23.332266666666666,0.0,0.0,462120973.4285714,2022-12-15 13:09:21
23.33293846153846,0.0,0.0,454485012.3076923,2022-12-15 13:09:22
23.33263333333333,0.0,0.0,462066608.35714287,2022-12-15 13:09:23
23.332848717948718,0.0,0.0,454514868.61538464,2022-12-15 13:09:24
23.333925641025644,0.0,0.0,477904494.38461536,2022-12-15 13:09:25
23.33213076923077,0.0,0.0,481680185.38461536,2022-12-15 13:09:26
23.33341666666667,0.0,0.0,462744342.14285713,2022-12-15 13:09:27
23.332616666666667,0.0,0.0,462605130.14285713,2022-12-15 13:09:28
23.331766666666663,0.0,0.0,462047879.5,2022-12-15 13:09:29
23.33473333333333,0.0,0.0,461940835.0714286,2022-12-15 13:09:30
23.33055,0.0,0.0,461940978.0,2022-12-15 13:09:31
23.33468333333333,0.0,0.0,462067777.5,2022-12-15 13:09:32
23.332866666666664,0.0,0.0,446529935.61538464,2022-12-15 13:09:33
23.33213333333333,0.0,0.0,462075465.85714287,2022-12-15 13:09:34
23.33485,0.0,0.0,462015998.7857143,2022-12-15 13:09:35
23.33041666666666,0.0,0.0,462113753.2142857,2022-12-15 13:09:36
23.33371666666667,0.0,0.0,462172436.14285713,2022-12-15 13:09:37
23.33304615384615,0.0,0.0,439280167.7692308,2022-12-15 13:09:38
23.33042564102564,0.0,0.0,485527565.0769231,2022-12-15 13:09:39
23.336166666666664,0.0,0.0,462927772.64285713,2022-12-15 13:09:40
23.330928205128203,0.0,0.0,428362152.61538464,2022-12-15 13:09:41
23.33323333333333,0.0,0.0,462396454.2142857,2022-12-15 13:09:42
23.334818181818186,0.0,0.0,443889171.3636364,2022-12-15 13:09:43
23.330192307692304,0.0,0.0,454363981.0,2022-12-15 13:09:44
23.335469230769228,0.0,0.0,469754438.7692308,2022-12-15 13:09:45
23.332672222222225,0.0,0.0,403684338.3333333,2022-12-15 13:09:46
23.33035,0.0,0.0,462125990.5,2022-12-15 13:09:47
23.337233333333334,0.0,0.0,462258341.0,2022-12-15 13:09:48
23.3291,0.0,0.0,462160205.2142857,2022-12-15 13:09:49
23.334933333333336,0.0,0.0,462266934.85714287,2022-12-15 13:09:50
23.33373333333333,0.0,0.0,462262349.7857143,2022-12-15 13:09:51
23.330084615384617,0.0,0.0,439250527.0,2022-12-15 13:09:52
23.337333333333333,0.0,0.0,462609137.2857143,2022-12-15 13:09:53
23.329779487179486,0.0,0.0,447220076.6923077,2022-12-15 13:09:54
23.33365,0.0,0.0,462763706.85714287,2022-12-15 13:09:55
23.33611212121212,0.0,0.0,562138617.0909091,2022-12-15 13:09:56
23.328816666666665,0.0,0.0,462156950.2857143,2022-12-15 13:09:57
23.33708333333333,0.0,0.0,462161845.7857143,2022-12-15 13:09:58
23.330833333333334,0.0,0.0,462265359.35714287,2022-12-15 13:09:59
23.33198333333333,0.0,0.0,462170494.0,2022-12-15 13:10:00
23.336100000000005,0.0,0.0,462272391.7142857,2022-12-15 13:10:01
23.32903333333333,0.0,0.0,462180355.2142857,2022-12-15 13:10:02
23.335283333333336,0.0,0.0,462370403.0,2022-12-15 13:10:03
23.33266666666666,0.0,0.0,462269561.9285714,2022-12-15 13:10:04
23.330957575757576,0.0,0.0,426100374.0,2022-12-15 13:10:05
23.33575,0.0,0.0,462664730.2857143,2022-12-15 13:10:06
23.33035,0.0,0.0,462757468.0,2022-12-15 13:10:07
23.333633333333346,0.0,0.0,462915868.2857143,2022-12-15 13:10:08
23.33508333333333,0.0,0.0,462851988.9285714,2022-12-15 13:10:09
23.32995,0.0,0.0,462349792.5714286,2022-12-15 13:10:10
23.3351,0.0,0.0,462210900.7142857,2022-12-15 13:10:11
23.33205,0.0,0.0,462242921.2857143,2022-12-15 13:10:12
23.331915384615385,0.0,0.0,481538218.84615386,2022-12-15 13:10:13
23.335816666666663,0.0,0.0,462329063.35714287,2022-12-15 13:10:14
23.329833333333333,0.0,0.0,462310520.2857143,2022-12-15 13:10:15
23.334816666666672,0.0,0.0,462276433.7142857,2022-12-15 13:10:16
23.33308205128205,0.0,0.0,443090427.6923077,2022-12-15 13:10:17
23.330383333333337,0.0,0.0,462402367.9285714,2022-12-15 13:10:18
23.33641666666666,0.0,0.0,462558115.5714286,2022-12-15 13:10:19
23.32995,0.0,0.0,462781723.9285714,2022-12-15 13:10:20
23.33438333333333,0.0,0.0,495973484.75,2022-12-15 13:10:21
23.334302564102565,0.0,0.0,497554592.7692308,2022-12-15 13:10:22
23.32998333333333,0.0,0.0,462891061.5714286,2022-12-15 13:10:23
23.33623333333333,0.0,0.0,462595883.2142857,2022-12-15 13:10:24
23.331215384615383,0.0,0.0,431655360.7692308,2022-12-15 13:10:25
23.332649999999997,0.0,0.0,462288453.35714287,2022-12-15 13:10:26
23.33488333333333,0.0,0.0,462316261.5,2022-12-15 13:10:27
23.3303,0.0,0.0,462409246.5,2022-12-15 13:10:28
23.334984615384613,0.0,0.0,496948580.0769231,2022-12-15 13:10:29
23.33236666666667,0.0,0.0,462318668.85714287,2022-12-15 13:10:30
23.330933333333327,0.0,0.0,462494338.4285714,2022-12-15 13:10:31
23.33611666666667,0.0,0.0,462535482.0,2022-12-15 13:10:32
23.329666666666668,0.0,0.0,462646169.4285714,2022-12-15 13:10:33
23.33436666666666,0.0,0.0,462951657.0714286,2022-12-15 13:10:34
23.333483333333337,0.0,0.0,462967454.0,2022-12-15 13:10:35
23.33096666666666,0.0,0.0,463052791.2142857,2022-12-15 13:10:36
23.335583333333336,0.0,0.0,462865936.0,2022-12-15 13:10:37
23.331016666666667,0.0,0.0,462391546.85714287,2022-12-15 13:10:38
23.332866666666664,0.0,0.0,462475964.64285713,2022-12-15 13:10:39
23.33496666666667,0.0,0.0,462411260.0714286,2022-12-15 13:10:40
23.32965,0.0,0.0,462459006.64285713,2022-12-15 13:10:41
23.33581025641025,0.0,0.0,443160744.9230769,2022-12-15 13:10:42
23.331484615384618,0.0,0.0,458629267.84615386,2022-12-15 13:10:43
23.332651282051284,0.0,0.0,458645062.1538461,2022-12-15 13:10:44
23.334966666666663,0.0,0.0,477929863.6923077,2022-12-15 13:10:45
23.330516666666664,0.0,0.0,462720657.14285713,2022-12-15 13:10:46
23.33515,0.0,0.0,462985503.35714287,2022-12-15 13:10:47
23.3321,0.0,0.0,462929098.9285714,2022-12-15 13:10:48
23.33235,0.0,0.0,463034628.5,2022-12-15 13:10:49
23.33511666666666,0.0,0.0,463203905.2857143,2022-12-15 13:10:50
23.33073333333333,0.0,0.0,462556838.7857143,2022-12-15 13:10:51
23.334233333333337,0.0,0.0,462536009.4285714,2022-12-15 13:10:52
23.3331,0.0,0.0,462497418.0,2022-12-15 13:10:53
23.330766666666676,0.0,0.0,462435217.7857143,2022-12-15 13:10:54
23.33552307692307,0.0,0.0,458577237.6923077,2022-12-15 13:10:55
23.33055,0.0,0.0,462502447.7142857,2022-12-15 13:10:56
23.33383333333333,0.0,0.0,462500716.14285713,2022-12-15 13:10:57
23.33458333333333,0.0,0.0,462763910.64285713,2022-12-15 13:10:58
23.330084615384614,0.0,0.0,466568446.84615386,2022-12-15 13:10:59
23.33563333333333,0.0,0.0,462779358.2142857,2022-12-15 13:11:00
23.33046666666667,0.0,0.0,463017899.0,2022-12-15 13:11:01
23.332866666666664,0.0,0.0,425579316.6666667,2022-12-15 13:11:02
23.33418333333333,0.0,0.0,463133926.5,2022-12-15 13:11:03
23.33093333333333,0.0,0.0,463397545.2857143,2022-12-15 13:11:04
23.334069230769224,0.0,0.0,443389703.0,2022-12-15 13:11:05
23.331183333333332,0.0,0.0,462554200.0714286,2022-12-15 13:11:06
23.33327948717949,0.0,0.0,470465837.61538464,2022-12-15 13:11:07
23.334283333333328,0.0,0.0,462599613.14285713,2022-12-15 13:11:08
23.33127222222222,0.0,0.0,466792205.8333333,2022-12-15 13:11:09
23.335083333333333,0.0,0.0,462648693.2857143,2022-12-15 13:11:10
23.33152051282051,0.0,0.0,481930850.61538464,2022-12-15 13:11:11
23.331897435897435,0.0,0.0,455110250.6923077,2022-12-15 13:11:12
23.33514166666667,0.0,0.0,504569664.5,2022-12-15 13:11:13
23.33015,0.0,0.0,462908070.4285714,2022-12-15 13:11:14
23.33515,0.0,0.0,463111101.14285713,2022-12-15 13:11:15
23.33211666666667,0.0,0.0,463218838.4285714,2022-12-15 13:11:16
23.33233333333333,0.0,0.0,463054266.0,2022-12-15 13:11:17
23.334966666666663,0.0,0.0,497771658.6923077,2022-12-15 13:11:18
23.330800000000004,0.0,0.0,462931558.0,2022-12-15 13:11:19
23.334916666666665,0.0,0.0,462601678.5714286,2022-12-15 13:11:20
23.33335128205128,0.0,0.0,428055527.9230769,2022-12-15 13:11:21
23.331466666666667,0.0,0.0,428241047.38461536,2022-12-15 13:11:22
23.33513333333333,0.0,0.0,462686403.2857143,2022-12-15 13:11:23
23.330516666666664,0.0,0.0,463101218.5,2022-12-15 13:11:24
23.334233333333334,0.0,0.0,462872435.5714286,2022-12-15 13:11:25
23.33333333333333,0.0,0.0,462948493.7857143,2022-12-15 13:11:26
23.33095,0.0,0.0,463020128.4285714,2022-12-15 13:11:27
23.33593333333334,0.0,0.0,463078707.2857143,2022-12-15 13:11:28
23.330649999999995,0.0,0.0,463441394.64285713,2022-12-15 13:11:29
23.33322564102565,0.0,0.0,497894230.9230769,2022-12-15 13:11:30
23.3353,0.0,0.0,463353313.0714286,2022-12-15 13:11:31
23.329079487179488,0.0,0.0,482313490.7692308,2022-12-15 13:11:32
23.334566666666664,0.0,0.0,462706245.7857143,2022-12-15 13:11:33
23.33341666666667,0.0,0.0,462736782.0,2022-12-15 13:11:34
23.329911111111112,0.0,0.0,504430724.6666667,2022-12-15 13:11:35
23.336066666666664,0.0,0.0,462718003.2142857,2022-12-15 13:11:36
23.329816666666662,0.0,0.0,462730614.4285714,2022-12-15 13:11:37
23.33435,0.0,0.0,462797527.14285713,2022-12-15 13:11:38
23.335074358974364,0.0,0.0,497603517.6923077,2022-12-15 13:11:39
23.32998333333333,0.0,0.0,462953225.85714287,2022-12-15 13:11:40
23.33653333333333,0.0,0.0,462965398.7857143,2022-12-15 13:11:41
23.33083846153846,0.0,0.0,443820348.4615384,2022-12-15 13:11:42
23.3327,0.0,0.0,463386126.2857143,2022-12-15 13:11:43
23.334833333333336,0.0,0.0,463417840.85714287,2022-12-15 13:11:44
23.32985,0.0,0.0,463610195.9285714,2022-12-15 13:11:45
23.33446410256409,0.0,0.0,439960603.3076923,2022-12-15 13:11:46
23.333010256410255,0.0,0.0,478143051.38461536,2022-12-15 13:11:47
23.33176666666667,0.0,0.0,462803453.14285713,2022-12-15 13:11:48
23.3358282051282,0.0,0.0,440152955.1538461,2022-12-15 13:11:49
23.33063333333333,0.0,0.0,462795451.14285713,2022-12-15 13:11:50
23.33373333333333,0.0,0.0,462871528.64285713,2022-12-15 13:11:51
23.33391666666667,0.0,0.0,462886389.7142857,2022-12-15 13:11:52
23.33098205128205,0.0,0.0,482215105.2307692,2022-12-15 13:11:53
23.335266666666666,0.0,0.0,463159912.9285714,2022-12-15 13:11:54
23.33103333333333,0.0,0.0,463218711.5714286,2022-12-15 13:11:55
23.33272307692308,0.0,0.0,497818870.3076923,2022-12-15 13:11:56
23.335092307692307,0.0,0.0,479070381.1538461,2022-12-15 13:11:57
23.330383333333334,0.0,0.0,463406998.9285714,2022-12-15 13:11:58
23.33425,0.0,0.0,463606945.35714287,2022-12-15 13:11:59
23.331933333333332,0.0,0.0,462891735.5714286,2022-12-15 13:12:00
23.331483333333328,0.0,0.0,462932306.85714287,2022-12-15 13:12:01
23.33561666666667,0.0,0.0,462909129.7142857,2022-12-15 13:12:02
23.33063333333333,0.0,0.0,462896467.14285713,2022-12-15 13:12:03
23.33450000000001,0.0,0.0,482197345.9230769,2022-12-15 13:12:04
23.3328,0.0,0.0,463078968.0714286,2022-12-15 13:12:05
23.331100000000003,0.0,0.0,463221996.35714287,2022-12-15 13:12:06
23.335316666666664,0.0,0.0,463138102.0714286,2022-12-15 13:12:07
23.33181666666667,0.0,0.0,463329222.35714287,2022-12-15 13:12:08
23.33288333333333,0.0,0.0,463406323.14285713,2022-12-15 13:12:09
23.334433333333333,0.0,0.0,463396412.85714287,2022-12-15 13:12:10
23.33070833333333,0.0,0.0,418007342.1666667,2022-12-15 13:12:11
23.333766666666666,0.0,0.0,463807319.5714286,2022-12-15 13:12:12
23.3329,0.0,0.0,463674866.5714286,2022-12-15 13:12:13
23.33233333333333,0.0,0.0,463444408.7857143,2022-12-15 13:12:14
23.335000000000004,0.0,0.0,463101439.0,2022-12-15 13:12:15
23.331116666666667,0.0,0.0,463065137.7857143,2022-12-15 13:12:16
23.333961538461544,0.0,0.0,439950403.6923077,2022-12-15 13:12:17
23.33273333333333,0.0,0.0,463169149.5,2022-12-15 13:12:18
23.33197222222223,0.0,0.0,492452041.9166667,2022-12-15 13:12:19
23.33484102564102,0.0,0.0,432407591.5384616,2022-12-15 13:12:20
23.33148333333333,0.0,0.0,463189078.85714287,2022-12-15 13:12:21
23.33333333333333,0.0,0.0,447854086.0769231,2022-12-15 13:12:22
23.33288461538462,0.0,0.0,455787296.5384616,2022-12-15 13:12:23
23.331538461538457,0.0,0.0,455831674.4615384,2022-12-15 13:12:24
23.33525384615385,0.0,0.0,440622443.0,2022-12-15 13:12:25
23.330366666666663,0.0,0.0,463675688.2142857,2022-12-15 13:12:26
23.3339,0.0,0.0,463695594.14285713,2022-12-15 13:12:27
23.3335,0.0,0.0,463143636.0714286,2022-12-15 13:12:28
23.331216666666663,0.0,0.0,463241441.0,2022-12-15 13:12:29
23.335083333333333,0.0,0.0,463219939.4285714,2022-12-15 13:12:30
23.331233333333333,0.0,0.0,478662714.0,2022-12-15 13:12:31
23.33308055555556,0.0,0.0,401087964.1666667,2022-12-15 13:12:32
23.333458974358976,0.0,0.0,459440024.5384616,2022-12-15 13:12:33
23.33073333333333,0.0,0.0,463302953.0,2022-12-15 13:12:34
23.3348,0.0,0.0,463339940.0714286,2022-12-15 13:12:35
23.332341666666668,0.0,0.0,434219996.1666667,2022-12-15 13:12:36
23.332966666666664,0.0,0.0,463496353.5714286,2022-12-15 13:12:37
23.33376666666667,0.0,0.0,463826757.64285713,2022-12-15 13:12:38
23.33115,0.0,0.0,464410046.0,2022-12-15 13:12:39
23.333975,0.0,0.0,438984908.3333333,2022-12-15 13:12:40
23.332597435897437,0.0,0.0,440565768.6923077,2022-12-15 13:12:41
23.332310256410253,0.0,0.0,448015769.84615386,2022-12-15 13:12:42
23.334866666666667,0.0,0.0,463273519.5714286,2022-12-15 13:12:43
23.3293,0.0,0.0,463283532.4285714,2022-12-15 13:12:44
23.33481666666666,0.0,0.0,463269877.2857143,2022-12-15 13:12:45
23.33226666666667,0.0,0.0,463464293.2142857,2022-12-15 13:12:46
23.330516666666664,0.0,0.0,463455296.35714287,2022-12-15 13:12:47
23.337012820512815,0.0,0.0,467302039.0769231,2022-12-15 13:12:48
23.32871666666667,0.0,0.0,463451703.2857143,2022-12-15 13:12:49
23.335283333333336,0.0,0.0,463637793.7142857,2022-12-15 13:12:50
23.333728205128203,0.0,0.0,444244877.9230769,2022-12-15 13:12:51
23.329466666666665,0.0,0.0,463736478.85714287,2022-12-15 13:12:52
23.336516666666665,0.0,0.0,463840316.0,2022-12-15 13:12:53
23.330916666666667,0.0,0.0,463885627.35714287,2022-12-15 13:12:54
23.332349999999995,0.0,0.0,463826279.0714286,2022-12-15 13:12:55
23.335416666666667,0.0,0.0,463426461.9285714,2022-12-15 13:12:56
23.329316666666667,0.0,0.0,463404017.7142857,2022-12-15 13:12:57
23.335799999999995,0.0,0.0,463503166.64285713,2022-12-15 13:12:58
23.333150000000007,0.0,0.0,463436847.0,2022-12-15 13:12:59
23.330516666666664,0.0,0.0,463358463.35714287,2022-12-15 13:13:00
23.337825,0.0,0.0,475900974.0,2022-12-15 13:13:01
23.327866666666665,0.0,0.0,463485539.35714287,2022-12-15 13:13:02
23.33545,0.0,0.0,463486376.9285714,2022-12-15 13:13:03
23.33516666666667,0.0,0.0,463560142.0,2022-12-15 13:13:04
23.328216666666663,0.0,0.0,463693353.64285713,2022-12-15 13:13:05
23.338483333333333,0.0,0.0,463972550.2142857,2022-12-15 13:13:06
23.3291,0.0,0.0,464138161.5714286,2022-12-15 13:13:07
23.33336666666666,0.0,0.0,464267713.0,2022-12-15 13:13:08
23.33576666666667,0.0,0.0,463497651.9285714,2022-12-15 13:13:09
23.328166666666668,0.0,0.0,463460807.4285714,2022-12-15 13:13:10
23.336566666666663,0.0,0.0,463561435.4285714,2022-12-15 13:13:11
23.332116666666668,0.0,0.0,463450173.4285714,2022-12-15 13:13:12
23.33060512820513,0.0,0.0,498102638.61538464,2022-12-15 13:13:13
23.336887179487174,0.0,0.0,428972389.9230769,2022-12-15 13:13:14
23.329366666666665,0.0,0.0,463464551.2142857,2022-12-15 13:13:15
23.335000000000004,0.0,0.0,463574698.14285713,2022-12-15 13:13:16
23.33398333333333,0.0,0.0,463706010.5,2022-12-15 13:13:17
23.329510256410256,0.0,0.0,456065493.84615386,2022-12-15 13:13:18
23.337116666666667,0.0,0.0,463939418.9285714,2022-12-15 13:13:19
23.32953333333333,0.0,0.0,464084282.7857143,2022-12-15 13:13:20
23.33336666666666,0.0,0.0,463996529.64285713,2022-12-15 13:13:21
23.334876923076926,0.0,0.0,460604946.0769231,2022-12-15 13:13:22
23.32916666666667,0.0,0.0,463673590.0714286,2022-12-15 13:13:23
23.33578333333333,0.0,0.0,463570089.35714287,2022-12-15 13:13:24
23.332533333333338,0.0,0.0,463609608.0714286,2022-12-15 13:13:25
23.33086666666667,0.0,0.0,463556688.9285714,2022-12-15 13:13:26
23.3358282051282,0.0,0.0,455898799.3076923,2022-12-15 13:13:27
23.32943846153846,0.0,0.0,448243341.0769231,2022-12-15 13:13:28
23.334466666666664,0.0,0.0,463640901.0,2022-12-15 13:13:29
23.333116666666665,0.0,0.0,463641912.2857143,2022-12-15 13:13:30
23.329866666666668,0.0,0.0,463722458.7142857,2022-12-15 13:13:31
23.33598333333333,0.0,0.0,463810894.9285714,2022-12-15 13:13:32
23.330166666666663,0.0,0.0,464032808.2142857,2022-12-15 13:13:33
23.33335128205129,0.0,0.0,498697316.2307692,2022-12-15 13:13:34
23.33482307692308,0.0,0.0,471981852.1538461,2022-12-15 13:13:35
23.330299999999998,0.0,0.0,464109366.0,2022-12-15 13:13:36
23.336169230769237,0.0,0.0,459876773.0,2022-12-15 13:13:37
23.331633333333336,0.0,0.0,463731932.0,2022-12-15 13:13:38
23.3339,0.0,0.0,463722323.0714286,2022-12-15 13:13:39
23.334558333333334,0.0,0.0,409537862.6666667,2022-12-15 13:13:40
23.331166666666665,0.0,0.0,463703228.0714286,2022-12-15 13:13:41
23.33545,0.0,0.0,463660624.5,2022-12-15 13:13:42
23.33088333333333,0.0,0.0,463766885.7857143,2022-12-15 13:13:43
23.33374615384615,0.0,0.0,432960703.1538461,2022-12-15 13:13:44
23.33295641025641,0.0,0.0,479260985.9230769,2022-12-15 13:13:45
23.331610256410254,0.0,0.0,460169392.0,2022-12-15 13:13:46
23.33493333333333,0.0,0.0,464139370.4285714,2022-12-15 13:13:47
23.3312,0.0,0.0,464159562.2857143,2022-12-15 13:13:48